{
  "market_only": {
    "mae": 0.004915144113108475,
    "rmse": 0.008145468586923043,
    "n": 2220,
    "directional_accuracy": 0.5923423423423423
  },
  "market_plus_social": {
    "mae": 0.00499283907159135,
    "rmse": 0.008238856178361639,
    "n": 2220,
    "directional_accuracy": 0.5927927927927928
  },
  "market_plus_social_plus_graph": {
    "mae": 0.004994618663512967,
    "rmse": 0.008240116564164816,
    "n": 2220,
    "directional_accuracy": 0.5945945945945946
  }
}